{"rmse": 6.268236467315591, "r2": 0.6803467661966591, "alpha": 1.0, "l1_ratio": 0.5}